module,T,time_ms
MLOPF,6,4.20525
MLOPF,12,5.927
MLOPF,24,7.895599999999999
MLOPF,48,11.2855
MLOPF,96,17.5667
