case,n_buses,module,time_ms,std_ms,min_ms
case118.m,118,DC_PF,0.416500,0.040897,0.333100
case118.m,118,LOPF,10.697000,2.813305,9.963500
case300.m,300,DC_PF,1.991100,0.212496,1.648900
case300.m,300,LOPF,22.334500,5.731934,19.241200
case1354pegase.m,1354,DC_PF,70.192450,139.612236,59.419600
case1354pegase.m,1354,LOPF,150.770450,87.792683,129.202400
case2869pegase.m,2869,DC_PF,528.256900,255.521154,422.955300
case2869pegase.m,2869,LOPF,551.334900,183.169937,491.122900
