module,T,time_ms
UC,6,20.26575
UC,12,24.82195
UC,24,29.754049999999996
UC,48,40.3491
