module,T,time_ms,std_ms,min_ms,n_samples
MLOPF,6,4.384166666666666,0.5255076221639234,3.7880000000000003,15
MLOPF,12,5.9003266666666665,0.7665371386647752,5.3688,15
MLOPF,24,9.330773333333331,0.2294376742842213,8.7386,15
MLOPF,48,39.86578,80.12137080852607,12.817,10
