module,n_buses,time_ms
AC_PF,3,4.3606
AC_PF,10,8.553499999999998
AC_PF,50,25.326349999999998
AC_PF,100,47.5741
