case,n_buses,module,time_ms,std_ms,min_ms
case118.m,118,DC_PF,199.824886,40.773587,170.505300
case118.m,118,LOPF,1309.657414,196.640560,1163.516400
case300.m,300,DC_PF,327.062114,75.716600,267.815200
case300.m,300,LOPF,2015.622557,121.408122,1838.914800
case1354pegase.m,1354,DC_PF,1142.551900,70.671090,1026.160700
case1354pegase.m,1354,LOPF,8376.678471,776.244312,7582.911900
case2869pegase.m,2869,DC_PF,2133.439914,90.009030,2004.902700
case2869pegase.m,2869,LOPF,29497.444514,2238.053296,28427.439600
