module,T,time_ms
MLOPF,6,1292.2459499999982
MLOPF,12,1309.1070500000033
MLOPF,24,1485.430700000002
MLOPF,48,1460.647350000002
MLOPF,96,1482.0639
