module,n_buses,T,time_ms
UC,3,24,1704.9603499999994
UC,14,24,3062.3434000000034
UC,30,24,3708.655
