module,n_buses,time_ms
AC_PF,3,220.47205000000147
AC_PF,10,229.37135000000097
AC_PF,50,261.0577999999997
AC_PF,100,341.0167000000008
