module,n_buses,T,time_ms
UC,3,24,1272.9269
UC,14,24,2066.013899999998
UC,30,24,2593.6245999999983
UC,40,24,2981.542500000003
