module,T,time_ms
UC,6,1551.01295
UC,12,1711.300849999999
UC,24,1586.1255000000015
UC,48,1616.3258999999996
