module,n_buses,T,time_ms,std_ms,min_ms,n_samples
UC,3,24,25.46651666666666,11.52241781714036,8.4852,24
UC,14,24,50.16364166666668,5.272392020781185,42.5591,24
UC,30,24,80.05772666666667,11.77828812891795,63.1993,15
