module,T,time_ms,std_ms,min_ms,n_samples
UC,6,24.595008333333332,1.3826802400728373,22.1051,12
UC,12,26.126549999999998,1.4539883977903991,24.450599999999998,12
UC,24,33.57876666666667,2.8451318522995908,29.3462,12
