module,n_buses,time_ms,std_ms,min_ms,n_samples
AC_PF,3,12.32432,6.834088784625052,7.218,30
AC_PF,10,62.46411666666667,22.05221973118514,29.898600000000002,30
AC_PF,50,209.00851250000005,156.09173611517352,151.1344,24
AC_PF,100,1147.6663533333335,438.920848076256,548.9648000000001,15
