module,n_buses,time_ms,std_ms,min_ms,n_samples
AC_PF,3,212.13560665880019,34.155177854486325,177.50549991615117,30
AC_PF,10,216.824956665126,34.409434239757324,188.34069999866188,30
AC_PF,50,253.30260416861466,39.712611956271886,225.19780008587986,24
AC_PF,100,283.8945600048949,12.794175309658474,264.2243999289349,15
