module,T,time_ms,std_ms,min_ms,n_samples
UC,6,1700.3554249919641,212.90928896092774,1297.757799969986,12
UC,12,1355.291441665031,84.7819078790544,1275.5236000521109,12
UC,24,1330.498250007319,58.13268055590482,1278.2021999591962,12
