module,T,time_ms,std_ms,min_ms,n_samples
MLOPF,6,1222.1924733215321,73.06882759868064,1131.096199969761,15
MLOPF,12,1213.7054266563305,70.001748900641,1150.6301999324933,15
MLOPF,24,1202.193393333194,59.01256822521752,1141.4274999406189,15
MLOPF,48,1200.7706000003964,50.71843623601171,1135.9548000618815,10
